<?xml version="1.0" encoding="UTF-8"?>
<project-private xmlns="http://www.netbeans.org/ns/project-private/1">
    <editor-bookmarks xmlns="http://www.netbeans.org/ns/editor-bookmarks/2" lastBookmarkId="0"/>
    <open-files xmlns="http://www.netbeans.org/ns/projectui-open-files/2">
        <group>
            <file>file:/L:/DDA/Practicos/Practico%202/Practico2/src/presentacion/FrmDisco.java</file>
            <file>file:/L:/DDA/Practicos/Practico%202/Practico2/src/presentacion/principal.java</file>
            <file>file:/L:/DDA/Practicos/Practico%202/Practico2/src/dominio/Interprete.java</file>
            <file>file:/L:/DDA/Practicos/Practico%202/Practico2/src/dominio/Disco.java</file>
            <file>file:/L:/DDA/Practicos/Practico%202/Practico2/src/dominio/Modelo.java</file>
        </group>
    </open-files>
</project-private>
